{
  "Carbon": {
    "ion_symbol": "C",
    "mass_number": 12,
    "atomic_number": 6,
    "energy": [
      0.1,
      0.10353218432956621,
      0.10718913192051278,
      0.11097524964120718,
      0.11489510001873092,
      0.11895340673703195,
      0.12315506032928256,
      0.12750512407130132,
      0.1320088400831418,
      0.13667163564620066,
      0.1414991297434576,
      0.14649713983072857,
      0.15167168884709228,
      0.1570290124729377,
      0.16257556664437942,
      0.16831803533309567,
      0.174263338600965,
      0.18041864093920723,
      0.1867913599020783,
      0.1933891750455231,
      0.20022003718155845,
      0.20729217795953708,
      0.2146141197858404,
      0.22219468609395238,
      0.2300430119772918,
      0.23816855519761582,
      0.24658110758226026,
      0.2552908068239517,
      0.26430814869741054,
      0.27364399970746706,
      0.2833096101839324,
      0.29331662783900436,
      0.30367711180354584,
      0.31440354715915003,
      0.3255088599835058,
      0.33700643292719284,
      0.3489101213406773,
      0.36123426997094316,
      0.3739937302478797,
      0.3872038781812555,
      0.40088063288984643,
      0.41504047578504755,
      0.42970047043208404,
      0.4448782831127584,
      0.4605922041145106,
      0.47686116977144694,
      0.49370478528390027,
      0.5111433483440166,
      0.5291978735958442,
      0.5478901179593942,
      0.5672426068491978,
      0.5872786613189481,
      0.6080224261649423,
      0.6294988990221888,
      0.6517339604882424,
      0.6747544053110693,
      0.6985879746785247,
      0.7232633896483536,
      0.7488103857590023,
      0.775259748862946,
      0.8026433522257174,
      0.8309941949353393,
      0.8603464416684502,
      0.890735463861044,
      0.9221978823334327,
      0.9547716114208056,
      0.9884959046625583,
      1.0234114021054532,
      1.059560179277616,
      1.0969857978923836,
      1.135733358343105,
      1.1758495540521563,
      1.2173827277396614,
      1.2603829296797273,
      1.3049019780144022,
      1.3509935211980264,
      1.398713102647238,
      1.4481182276745337,
      1.4992684327860455,
      1.5522253574270473,
      1.6070528182616384,
      1.6638168860761282,
      1.7225859653987865,
      1.7834308769319094,
      1.8464249428955435,
      1.9116440753857018,
      1.9791668678535563,
      2.049074689815847,
      2.12145178491063,
      2.196385372416546,
      2.2739657523579275,
      2.3542864143224165,
      2.4374441501222206,
      2.523539170434766,
      2.612675225563328,
      2.704959730463134,
      2.800503894183631,
      2.899422853882877,
      3.001835813575589,
      3.107866187782012,
      3.2176417502507353,
      3.3312947879346737,
      3.448962260405758,
      3.5707859649004625,
      3.6969127071950263,
      3.827494478516311,
      3.9626886387014784,
      4.102658105827192,
      4.247571552536899,
      4.397603609302719,
      4.552935074866948,
      4.7137531341167245,
      4.880251583654431,
      5.05263106533568,
      5.231099308056261,
      5.415871378079471,
      5.607169938205458,
      5.8052255160948985,
      6.010276782070382,
      6.222570836730228,
      6.44236350872137,
      6.669919663030122,
      6.9055135201623274,
      7.149428986597577,
      7.40195999691564,
      7.663410868007454,
      7.934096665797492,
      8.214343584919426,
      8.504489341802678,
      8.80488358164346,
      9.115888299750818,
      9.437878277775381,
      9.771241535346496,
      10.11637979766207,
      10.473708979594498,
      10.843659686896098,
      11.226677735108137,
      11.623224686798519,
      12.033778407775893,
      12.458833642950081,
      12.89890261253308,
      13.354515629298987,
      13.82622173764655,
      14.314589375234785,
      14.820207057988586,
      15.343684089300117,
      15.885651294280526,
      16.446761779946627,
      17.027691722258997,
      17.62914118095948,
      18.251834943190424,
      18.896523396912098,
      19.563983435170627,
      20.255019392306664,
      20.970464013232327,
      21.711179456945032,
      22.47805833548725,
      23.272024789604075,
      24.094035602395245,
      24.945081352303166,
      25.826187606826746,
      26.738416158399467,
      27.682866303920637,
      28.660676169482503,
      29.673024081888695,
      30.72112998861756,
      31.80625692794119,
      32.92971255097148,
      34.09285069746811,
      35.2970730273065,
      36.543830709572546,
      37.83462617131929,
      39.171014908092566,
      40.554607358408276,
      41.9870708444391,
      43.47013158125022,
      45.005576757004974,
      46.59525668664677,
      48.241087041653685,
      49.9450511585514,
      51.70920242896755,
      53.53566677410724,
      55.426645206631015,
      57.38441648302393,
      59.41133984965034,
      61.50985788580498,
      63.68249944718586,
      65.93188271333541,
      68.26071834272386,
      70.67181273927491,
      73.16807143427192,
      75.75250258771912,
      78.42822061337682,
      81.19844993184009,
      84.06652885618325,
      87.03591361485157,
      90.11018251665018,
      93.29304026284686,
      96.58832241158699,
      100.0
    ],